INSERT INTO branches (id, name)
VALUES
(1,'Judy Branch'),
(2,'Sugar Branch'),
(3,'Goodland Branch'),
(4,'Portage Branch'),
(5,'Scofield Branch'),
(6,'Katie Branch'),
(7,'Moulton Branch'),
(8,'Hazelcrest Branch'),
(9,'Kinsman Branch'),
(10,'Grim Branch'),
(11,'Ridgeway Branch'),
(12,'Esch Branch'),
(13,'Hoffman Branch'),
(14,'Homewood Branch'),
(15,'Lakeland Branch'),
(16,'Anniversary Branch'),
(17,'Quincy Branch'),
(18,'Washington Branch'),
(19,'Grasskamp Branch'),
(20,'Morrow Branch'),
(21,'Sundown Branch'),
(22,'Hansons Branch'),
(23,'Roxbury Branch'),
(24,'Pleasure Branch'),
(25,'Trailsway Branch'),
(26,'Blackbird Branch'),
(27,'Leroy Branch'),
(28,'Miller Branch'),
(29,'Mallory Branch'),
(30,'Park Meadow Branch'),
(31,'Moose Branch'),
(32,'Saint Paul Branch'),
(33,'Watson Branch'),
(34,'Sachtjen Branch'),
(35,'Norway Maple Branch'),
(36,'Jenna Branch'),
(37,'Toban Branch'),
(38,'Mendota Branch'),
(39,'Meadow Valley Branch'),
(40,'Luster Branch'),
(41,'Spohn Branch'),
(42,'Golf View Branch'),
(43,'Mifflin Branch'),
(44,'John Wall Branch'),
(45,'Stephen Branch'),
(46,'Mcbride Branch'),
(47,'Duke Branch'),
(48,'Lillian Branch'),
(49,'Becker Branch'),
(50,'Eliot Branch');

INSERT INTO employees (id, first_name, last_name, salary, started_on, branch_id)
VALUES
(1,'Milty','Dyett',213270.78,'2017-06-10',38),
(2,'Ermentrude','Crenshaw',641140.25,'2017-11-26',19),
(3,'Peyton','Parncutt',283224.99,'2018-03-20',7),
(4,'Pacorro','Lashford',271281.68,'2017-09-15',12),
(5,'Allen','Work',76949.29,'2018-02-05',42),
(6,'Toma','MacKenney',504091.28,'2017-12-15',38),
(7,'Domenic','Seeborne',55491.32,'2017-06-05',41),
(8,'Hyacinthie','Aleksandrikin',309112.3,'2018-04-14',42),
(9,'Nial','Lonergan',647924.73,'2017-12-21',12),
(10,'Alvina','Huscroft',658016.08,'2018-01-23',46),
(11,'Roderich','Storrs',163220.22,'2017-10-17',44),
(12,'Mariska','Cornilli',137551.48,'2017-08-17',16),
(13,'Cob','Barnbrook',247231.05,'2017-08-26',33),
(14,'Alisa','Yerrell',976195.63,'2017-10-30',35),
(15,'Kerby','Martyns',3374.74,'2017-12-16',11),
(16,'Lelah','Blenkensop',414017.54,'2017-10-21',18),
(17,'Minette','Jump',600511.48,'2017-06-08',7),
(18,'Tamarah','Armytage',720455.11,'2017-07-07',43),
(19,'Nananne','Peaddie',128854.98,'2017-06-18',8),
(20,'Cloe','Kiddy',571590.07,'2018-02-02',17),
(21,'Lisette','Harrigan',307335.55,'2017-05-21',42),
(22,'Brigg','Barrass',130799.18,'2017-11-10',23),
(23,'Wendall','Cripps',677404.0,'2017-06-22',35),
(24,'Merrilee','Jurek',857814.36,'2017-11-16',28),
(25,'Griff','Rylstone',922171.88,'2018-04-18',20),
(26,'Jami','Killimister',625184.28,'2017-05-31',40),
(27,'Trula','Glasscott',506242.15,'2017-08-23',43),
(28,'Hana','Brigdale',964794.82,'2017-09-29',35),
(29,'Belva','Leitch',23353.22,'2017-06-02',10),
(30,'Jania','MacKilroe',603992.61,'2017-12-28',10),
(31,'Hersch','Sheerman',544718.01,'2017-08-07',37),
(32,'Benoite','Lowdeane',558813.03,'2017-09-10',41),
(33,'Elbert','Winning',64662.18,'2018-03-24',8),
(34,'Nikki','Nendick',933460.57,'2018-02-06',38),
(35,'Erin','Calder',382076.28,'2017-10-01',40),
(36,'Eolande','Dach',733039.01,'2017-07-29',49),
(37,'Edyth','Pigden',937934.59,'2017-12-25',3),
(38,'Gerhard','Zavattieri',544391.71,'2017-12-13',23),
(39,'Philip','Tissell',875374.05,'2017-10-28',9),
(40,'Idaline','McKew',434167.1,'2018-03-22',24),
(41,'Lisbeth','Skett',981421.79,'2018-04-16',38),
(42,'Georgette','Kinver',461790.22,'2018-02-28',11),
(43,'Amara','Bauckham',77831.67,'2017-08-25',7),
(44,'Fiann','Grane',478418.41,'2018-03-21',29),
(45,'Roi','Bresson',137684.58,'2017-06-29',43),
(46,'Donald','Tripkin',29350.30,'2017-11-23',46),
(47,'Lilllie','Martusewicz',574452.75,'2017-09-09',41),
(48,'Mitchel','Bertin',454597.98,'2017-05-08',13),
(49,'Irma','Dunsmore',76808.96,'2018-02-14',17),
(50,'Robin','Travers',827703.7,'2017-11-19',12),
(51,'Elnar','Laingmaid',189079.38,'2018-02-21',34),
(52,'Danna','Piddington',520870.48,'2018-01-21',50),
(53,'Margi','Jeske',695533.2,'2017-05-17',10),
(54,'Forest','Henmarsh',110449.72,'2017-05-27',38),
(55,'Christy','Eles',161031.74,'2018-01-18',30),
(56,'Lauralee','Hembry',770730.69,'2017-06-06',9),
(57,'Richie','Tawse',603127.45,'2017-12-22',30),
(58,'Flora','Kelmere',695671.67,'2018-03-13',30),
(59,'Hunter','Oseland',329419.21,'2017-12-05',49),
(60,'Adam','Karoly',452581.0,'2018-02-15',5),
(61,'Blondy','Tulloch',191579.34,'2017-12-13',49),
(62,'Ingrim','Trice',745942.53,'2017-07-08',19),
(63,'Valeria','Mussared',32855.37,'2018-03-23',13),
(64,'Clarine','Grzeszczak',607976.13,'2017-07-17',23),
(65,'Tomi','Richens',709736.09,'2017-12-10',2),
(66,'Bastien','Lowre',966106.79,'2017-11-08',20),
(67,'Basia','Cullinan',123256.26,'2017-10-20',34),
(68,'Cyrillus','Godbold',831282.7,'2018-03-28',7),
(69,'Lu','Godspeede',891622.87,'2017-05-14',25),
(70,'Mark','Boylan',757071.73,'2017-05-03',45),
(71,'Freeman','Hughson',670390.68,'2017-08-24',16),
(72,'Bidget','Frounks',531743.58,'2017-05-10',49),
(73,'Malissa','Burridge',711802.2,'2017-12-06',13),
(74,'Rourke','Caron',750716.5,'2017-11-26',21),
(75,'Alec','O''Donoghue',894064.18,'2018-04-04',19),
(76,'Pat','Oliva',670705.28,'2018-01-18',46),
(77,'Faunie','Madgett',936433.53,'2017-10-03',44),
(78,'Bibby','Girogetti',523199.53,'2017-07-03',46),
(79,'Asa','Draisey',783906.92,'2018-02-20',22),
(80,'Winni','Tomaello',81479.9,'2017-07-02',29),
(81,'Saraann','Lapping',154061.43,'2018-03-29',13),
(82,'Niles','Snelling',627015.01,'2018-04-02',2),
(83,'Corny','Dripps',554307.21,'2017-12-28',18),
(84,'Mada','Carville',477327.05,'2017-08-25',50),
(85,'Norma','Margetts',875265.07,'2017-11-28',49),
(86,'Brana','Ingree',447039.93,'2018-03-06',36),
(87,'Deonne','Meechan',972294.74,'2017-10-26',7),
(88,'Tammy','Perago',491077.48,'2017-08-15',22),
(89,'Ania','Crosbie',690330.7,'2017-08-23',31),
(90,'Jordan','Shingles',400440.0,'2018-01-31',5),
(91,'Roderick','Fridaye',108106.25,'2018-03-27',7),
(92,'Halli','Gregoraci',791360.08,'2017-09-29',15),
(93,'Kimberlyn','Franzman',79247.03,'2017-05-27',23),
(94,'Travis','Baynam',884734.51,'2017-09-05',47),
(95,'Bondon','Jell',401195.31,'2018-01-11',8),
(96,'Nickie','Gosnall',916948.33,'2018-02-12',10),
(97,'Adda','Tolcher',268255.51,'2017-07-28',23),
(98,'Karlan','Dayborne',384502.36,'2018-03-06',44),
(99,'Deny','O''Keefe',895076.94,'2017-11-30',43),
(100,'Courtenay','Stag',380400.32,'2017-12-26',5),
(101,'Donald','Trump',380400.32,'2017-12-26',5);

INSERT INTO clients (id, full_name, age)
VALUES
(1,'Hunter Wesgate',33),
(2,'Baxy David',41),
(3,'Erik Phidgin',38),
(4,'Hannis Skippings',52),
(5,'Hilario Willman',55),
(6,'Cindi Le Blanc',33),
(7,'Rahel Tinham',30),
(8,'Valdemar McCawley',24),
(9,'Renato Lomond',40),
(10,'Darcy Keefe',31),
(11,'Mariele Chimienti',35),
(12,'Maia Pilbeam',40),
(13,'Ambros Winslet',29),
(14,'Tessa Metschke',32),
(15,'Eunice Erskine',21),
(16,'Austin Loads',35),
(17,'Zea Weblin',42),
(18,'Lurette Elphinston',47),
(19,'Dorisa Thornbarrow',29),
(20,'Jobina Tessington',38),
(21,'Kacy Frude',40),
(22,'Reinaldos Pirnie',57),
(23,'Misha Bennet',31),
(24,'Ariel Wadlow',21),
(25,'Jose Bene',37),
(26,'Farlie Whaley',25),
(27,'Ody Tottman',35),
(28,'Parsifal Varey',30),
(29,'Gussy Munnion',58),
(30,'Hildagard Waite',26),
(31,'Willie Ollett',53),
(32,'Sukey Tinsley',21),
(33,'Erin Cullingworth',47),
(34,'Debor Fillery',24),
(35,'Zaccaria Duffet',25),
(36,'Charline Malin',48),
(37,'Tabor Bowler',21),
(38,'Cari Hillburn',18),
(39,'Gib Supple',46),
(40,'Isabel Woof',41),
(41,'Hunfredo Elphey',29),
(42,'Elyssa Keese',38),
(43,'Otis Simakov',27),
(44,'Filberte Calam',38),
(45,'Morna Liddle',27),
(46,'Meara Stolli',36),
(47,'Jori Fraczak',41),
(48,'Walliw Lemon',33),
(49,'Hector Rust',25),
(50,'Emelita Kesper',60),
(51,'Dory Reinard',30),
(52,'Fanchon Lias',56),
(53,'Linzy Cleal',44),
(54,'Lon Ismirnioglou',55),
(55,'Valencia Desborough',47),
(56,'Stesha Leith',50),
(57,'William Pedrocco',54),
(58,'Sheffie Withrop',60),
(59,'Adorne Bewly',40),
(60,'Rik Tash',55),
(61,'Felic Caulwell',34),
(62,'Alena Higgonet',58),
(63,'Elsinore Whithorn',23),
(64,'Jorge Summerill',35),
(65,'Romain Aloigi',58),
(66,'Elwyn Marler',31),
(67,'Daniel Tuminini',20),
(68,'Gerhardine Yaus',26),
(69,'Silvana McKinlay',37),
(70,'Bettye Treagus',50),
(71,'Zak Loveman',18),
(72,'Lynette Suffield',37),
(73,'Babs Moreing',41),
(74,'Charmaine Hourihane',26),
(75,'Marti Franek',33),
(76,'Fallon Tidbold',51),
(77,'Conroy Mitkin',31),
(78,'Annabal Aizikovitz',42),
(79,'Marabel Loyndon',54),
(80,'Ennis Bettridge',48),
(81,'Traver MacIver',41),
(82,'Amory Casella',25),
(83,'Agathe Basnett',23),
(84,'Diann Gorusso',22),
(85,'Carolyne Dufore',50),
(86,'Cilka Hallum',33),
(87,'Barth Metcalfe',35),
(88,'Gwenni Chippindale',18),
(89,'Chrystel Albion',29),
(90,'Neille Girogetti',43),
(91,'Sadye Binnell',22),
(92,'Lilas Saunier',54),
(93,'Poppy Drewett',20),
(94,'Yolanda Gerred',31),
(95,'Bryna Lissandre',40),
(96,'Jourdan Otter',41),
(97,'Stanfield Suttling',49),
(98,'Joella Mackieson',43),
(99,'Kare Bracegirdle',52),
(100,'Catha Baline',47),
(101,'Meir Begg',32),
(102,'Chrissie Rugiero',43),
(103,'Zia Ivimey',49),
(104,'Augusto MacMechan',44),
(105,'Grete Gifford',46),
(106,'Merrile Agnew',53),
(107,'Genovera Hylden',24),
(108,'Neale Bach',39),
(109,'Pippo Murgatroyd',34),
(110,'Odille Jays',20),
(111,'Jayme Reeson',50),
(112,'Aurelie Asson',32),
(113,'Calida Heinsius',29),
(114,'Bord Tremoulet',52),
(115,'Deane Rosling',45),
(116,'Ellen Alessandretti',37),
(117,'Gannie Josebury',56),
(118,'Aili Sculpher',35),
(119,'Noni Baford',22),
(120,'Norma Brickett',47),
(121,'Delbert Stooke',49),
(122,'Juditha Phlipon',50),
(123,'Ky Hardwich',49),
(124,'Ettore Faux',57),
(125,'Casandra Barwis',33),
(126,'Wenda Meijer',46),
(127,'Karlens Algeo',22),
(128,'Albertina Whitington',25),
(129,'Tommy McKane',46),
(130,'Barbie Anderer',44),
(131,'Erek Flatte',32),
(132,'Maje Hazelhurst',43),
(133,'Gillian Theunissen',39),
(134,'Field Secrett',39),
(135,'Jenn Gantley',53),
(136,'Reidar Lusk',60),
(137,'Abbe Wynett',37),
(138,'Dedie Stonuary',20),
(139,'Lind Kernermann',43),
(140,'Creighton Minette',59),
(141,'Carie Baseggio',26),
(142,'Pennie Dorbin',39),
(143,'Ryan Turfitt',27),
(144,'Roselia Newall',53),
(145,'Rori Gunthorp',55),
(146,'Reinwald Cattroll',58),
(147,'Denice Springtorp',25),
(148,'Magdaia Galway',31),
(149,'Stephani Marsden',58),
(150,'Ignacio Hattersley',28),
(151,'Rafaellle Lewzey',47),
(152,'Corty Duny',38),
(153,'Tim Enric',43),
(154,'Risa Probbin',37),
(155,'Aindrea Johnikin',46),
(156,'Amy Althorp',58),
(157,'Rad Baynton',24),
(158,'Prue Whistlecraft',36),
(159,'Luigi Schmuhl',43),
(160,'Towny Hallbird',59),
(161,'Gino Armitt',54),
(162,'Gwynne Nast',19),
(163,'Alida Aronov',26),
(164,'Culley McTerlagh',31),
(165,'Staford Lougheed',49),
(166,'Aubrey Jelf',55),
(167,'Harbert Bowen',20),
(168,'Melli MacPeice',50),
(169,'Karoly Ickowics',54),
(170,'Zechariah Hullyer',59),
(171,'Elyn Grimditch',20),
(172,'Courtenay Tuminelli',42),
(173,'Maje Benny',60),
(174,'Sharline Alenikov',44),
(175,'Petronia Salmen',25),
(176,'Letti Swindon',41),
(177,'Clerc McGannon',18),
(178,'Allegra Garwell',20),
(179,'Shandie Ox',26),
(180,'Moishe Perschke',30),
(181,'Brnaby Barnsley',41),
(182,'Aeriela Tather',55),
(183,'Elihu Goney',28),
(184,'Pansie Reeders',25),
(185,'Karoly Crab',39),
(186,'Odelinda Gowan',57),
(187,'Rosana Raspel',46),
(188,'Abey Vescovo',28),
(189,'Fawnia Teulier',45),
(190,'Valera Moehle',39),
(191,'Kristyn Alsobrook',18),
(192,'Rorie Gallaway',57),
(193,'Jenny Merton',51),
(194,'Carlee Haskur',50),
(195,'Saraann McVity',33),
(196,'Lynett Twigley',60),
(197,'Saree Norville',58),
(198,'Malvin Pyper',24),
(199,'Polly Wilprecht',29),
(200,'Austin Burwell',22),
(201,'Witchel Brichel',22);

INSERT INTO employees_clients
VALUES
(85,64),
(75,136),
(76,5),
(52,83),
(28,158),
(55,7),
(86,199),
(82,172),
(31,186),
(71,104),
(8,52),
(91,82),
(74,46),
(77,168),
(41,94),
(42,11),
(95,69),
(27,87),
(86,141),
(83,82),
(81,29),
(46,157),
(35,158),
(40,195),
(75,171),
(71,172),
(46,196),
(43,129),
(41,177),
(67,101),
(53,61),
(11,90),
(83,60),
(14,201),
(29,38),
(53,74),
(81,195),
(2,90),
(74,134),
(85,120),
(53,17),
(8,143),
(27,7),
(48,84),
(94,73),
(83,103),
(30,72),
(27,74),
(65,16),
(16,90),
(25,141),
(82,163),
(32,52),
(72,20),
(28,194),
(65,100),
(23,22),
(95,176),
(86,13),
(29,153),
(76,17),
(51,151),
(41,182),
(52,100),
(71,96),
(49,130),
(86,10),
(67,17),
(73,196),
(99,106),
(97,30),
(9,8),
(100,75),
(69,151),
(88,154),
(5,146),
(24,195),
(47,131),
(78,159),
(48,130),
(88,127),
(14,138),
(19,197),
(72,193),
(32,61),
(61,104),
(5,7),
(70,113),
(7,87),
(49,31),
(37,24),
(86,70),
(13,100),
(72,126),
(20,71),
(50,107),
(27,2),
(2,46),
(20,114),
(22,103),
(23,43),
(53,138),
(59,110),
(7,20),
(29,196),
(57,38),
(45,6),
(10,50),
(73,194),
(23,109),
(68,107),
(20,125),
(14,143),
(67,36),
(59,155),
(85,143),
(2,194),
(57,79),
(48,85),
(13,58),
(35,151),
(73,178),
(36,34),
(78,83),
(53,36),
(6,167),
(27,35),
(78,71),
(76,145),
(27,181),
(99,110),
(19,60),
(26,94),
(18,105),
(33,88),
(93,148),
(61,196),
(16,36),
(92,192),
(77,9),
(98,173),
(18,46),
(19,200),
(9,20),
(27,84),
(9,76),
(72,3),
(51,187),
(95,99),
(1,169),
(38,130),
(9,198),
(50,151),
(65,19),
(41,122),
(92,177),
(61,53),
(75,150),
(43,140),
(59,67),
(17,150),
(2,127),
(37,60),
(42,67),
(68,111),
(72,107),
(58,179),
(12,142),
(94,71),
(42,127),
(86,80),
(51,54),
(70,129),
(4,178),
(3,108),
(73,175),
(19,44),
(83,45),
(87,102),
(76,142),
(88,141),
(86,53),
(6,33),
(46,186),
(12,28),
(72,181),
(67,115),
(16,14),
(42,55),
(94,52),
(14,41),
(5,33),
(6,185),
(15,100),
(91,120),
(100,69),
(12,55),
(51,36),
(94,180),
(47,29),
(8,127),
(85,46),
(89,137),
(51,179),
(6,69),
(64,89),
(71,30),
(72,74),
(28,98),
(11,66),
(27,69),
(43,195),
(72,139),
(7,199),
(64,70),
(18,166),
(81,163),
(40,119),
(2,43),
(59,66),
(24,54),
(33,174),
(18,199),
(54,162),
(50,184),
(58,185),
(9,181),
(50,23),
(44,123),
(68,112),
(24,194),
(30,40),
(59,176),
(55,17),
(12,92),
(96,102),
(73,136),
(84,195),
(1,59),
(56,123),
(48,93),
(12,200),
(39,17),
(94,190),
(16,25),
(85,67),
(99,143),
(45,196),
(87,178),
(78,155),
(24,28),
(82,47),
(58,191),
(88,8),
(39,149),
(100,152),
(29,47),
(47,158),
(52,11),
(12,91),
(18,139),
(49,75),
(100,27),
(83,24),
(49,59),
(96,119),
(86,163),
(11,69),
(88,200),
(76,112),
(14,8),
(47,172),
(40,162),
(54,183),
(91,42),
(28,70),
(43,93),
(1,163),
(65,1),
(55,196),
(44,165),
(97,96),
(97,13),
(31,71),
(18,72),
(81,188),
(69,35),
(96,57),
(8,154),
(91,142),
(55,103),
(78,154),
(99,32),
(61,188),
(9,160),
(35,89),
(85,73),
(34,16),
(100,25),
(87,6),
(50,199),
(13,91),
(58,52),
(60,187),
(70,73),
(68,174),
(28,140),
(23,44),
(78,148),
(1,97),
(58,154),
(99,165),
(4,197),
(98,171),
(22,153),
(71,93),
(97,95),
(87,4),
(37,179),
(90,114),
(39,93),
(11,23),
(57,200),
(41,28),
(40,65),
(41,67),
(90,37),
(42,6),
(48,6),
(41,124),
(47,119),
(55,108),
(59,90),
(52,166),
(75,18),
(29,177),
(56,115),
(43,106),
(60,137),
(66,121),
(57,37),
(5,16),
(17,63),
(45,156),
(44,16),
(53,144),
(55,87),
(47,12),
(68,179),
(59,112),
(93,64),
(87,31),
(8,23),
(7,184),
(22,165),
(9,140),
(22,168),
(75,105),
(42,130),
(57,21),
(47,16),
(85,113),
(89,42),
(46,200),
(46,90),
(92,59),
(16,129),
(14,139),
(25,100),
(64,21),
(56,151),
(13,142),
(24,98),
(82,12),
(60,166),
(2,176),
(86,168),
(68,127),
(8,147),
(52,29),
(27,116),
(41,162),
(54,195),
(84,98),
(11,68),
(95,60),
(100,183),
(8,108),
(9,1),
(89,5),
(80,76),
(20,187),
(28,78),
(55,5),
(14,55),
(21,65),
(69,34),
(72,40),
(27,27),
(30,133),
(23,61),
(28,200),
(17,51),
(77,6),
(92,120),
(50,57),
(27,48),
(92,200),
(21,68),
(61,90),
(89,39),
(32,33),
(20,107),
(2,38),
(76,86),
(41,68),
(32,118),
(28,89),
(64,73),
(4,108),
(96,126),
(92,100),
(46,46),
(62,63),
(30,76),
(24,78),
(30,121),
(60,120),
(55,21),
(59,195),
(78,168),
(67,32),
(90,156),
(63,151),
(49,121),
(34,95),
(23,55),
(98,82),
(94,67),
(28,121),
(51,48),
(58,6),
(56,7),
(93,12),
(3,60),
(52,125),
(59,193),
(9,109),
(27,199),
(9,146),
(50,150),
(15,4),
(34,184),
(36,187),
(16,190),
(28,7),
(52,28),
(39,113),
(75,35),
(98,62),
(39,126),
(92,72),
(85,96),
(56,101),
(29,2),
(68,182),
(22,71),
(93,22),
(98,190),
(27,101),
(80,88),
(100,73),
(90,57),
(95,92),
(23,185),
(63,86),
(27,187),
(52,22),
(19,184),
(53,13),
(95,130),
(63,5),
(79,167),
(26,115),
(40,26),
(99,43),
(90,58),
(54,189),
(99,74),
(14,60),
(47,144),
(84,71),
(59,72),
(24,36),
(68,169),
(77,58),
(88,191),
(94,11),
(26,50),
(2,73);

INSERT INTO bank_accounts (id, account_number, balance, client_id)
VALUES
(1,'84999053-X',439216.96,171),
(2,'45313950-8',630937.98,61),
(3,'90687224-1',983572.21,144),
(4,'43801937-1',255712.99,30),
(5,'33759008-8',484825.0,170),
(6,'53785455-8',507696.04,71),
(7,'01070897-0',32690.76,23),
(8,'99841032-8',183469.46,190),
(9,'18981804-2',424065.39,41),
(10,'12102591-0',691690.84,53),
(11,'04242673-1',980027.05,131),
(12,'52918293-0',690522.09,142),
(13,'51041375-2',90210.79,177),
(14,'21186179-1',951985.95,68),
(15,'98036332-5',429525.0,18),
(16,'97436627-9',707473.47,88),
(17,'68475367-3',320779.9,125),
(18,'46223600-5',544808.92,150),
(19,'98113091-9',843116.77,9),
(20,'29335531-0',477404.76,24),
(21,'75604601-4',728368.98,12),
(22,'26733815-1',867460.04,20),
(23,'81068373-6',448086.39,184),
(24,'62499691-5',198455.12,13),
(25,'08390682-2',857303.75,113),
(26,'27427912-2',437200.29,55),
(27,'38883318-3',903357.32,109),
(28,'40741147-2',444897.77,72),
(29,'30605492-X',383420.79,195),
(30,'56968601-2',268759.23,66),
(31,'46480792-2',641206.03,160),
(32,'12908110-6',366683.0,39),
(33,'58257394-1',92211.4,62),
(34,'57559793-8',807669.0,4),
(35,'93037289-9',894474.29,92),
(36,'67166793-2',553092.24,194),
(37,'60785754-1',398711.53,129),
(38,'99509856-2',345898.89,141),
(39,'38945586-X',524121.27,105),
(40,'42263927-7',514840.12,33),
(41,'14899672-9',426271.67,147),
(42,'23736835-6',839892.69,25),
(43,'03487384-6',357190.49,179),
(44,'69666616-8',803355.32,1),
(45,'52396361-8',850000.21,80),
(46,'37305973-8',822296.7,106),
(47,'60336982-0',957443.32,57),
(48,'42179935-X',698363.48,65),
(49,'65586872-3',831778.0,186),
(50,'10443874-6',800742.77,21),
(51,'12926367-3',623192.45,153),
(52,'59780056-6',3052.76,168),
(53,'16531791-1',602566.69,87),
(54,'00044307-3',363018.36,124),
(55,'72058876-8',73435.65,77),
(56,'53660381-3',995581.42,84),
(57,'36604653-7',582681.16,143),
(58,'64399703-X',581622.51,127),
(59,'14293475-0',904551.74,38),
(60,'79106861-3',308227.17,27),
(61,'86749853-X',510891.59,85),
(62,'63368466-4',107687.87,64),
(63,'83461751-2',730954.49,134),
(64,'61141278-4',229364.28,82),
(65,'53189216-9',857227.6,26),
(66,'44728918-8',831079.13,44),
(67,'71716745-7',535628.03,107),
(68,'62672831-X',403783.76,59),
(69,'65427793-4',45918.53,162),
(70,'80883526-X',949016.58,10),
(71,'09045237-4',320246.16,198),
(72,'76555314-0',969831.57,47),
(73,'42859842-0',337149.65,5),
(74,'08657311-0',401072.77,7),
(75,'80141000-X',930036.83,180),
(76,'76693612-0',202158.08,191),
(77,'19996331-X',556515.21,95),
(78,'74881892-0',543766.2,100),
(79,'28734411-1',246786.47,200),
(80,'80746876-3',428879.9,69),
(81,'76153263-1',271374.56,185),
(82,'55401587-8',359588.36,163),
(83,'37614073-7',121183.64,48),
(84,'60886923-9',704145.43,196),
(85,'13394474-8',757649.47,104),
(86,'14698227-4',820342.83,197),
(87,'00600651-2',151784.08,151),
(88,'42100510-8',154914.49,174),
(89,'10857002-3',147823.4,115),
(90,'69949261-6',744689.6,76),
(91,'56922109-3',658924.59,36),
(92,'63865522-1',221901.63,161),
(93,'31442469-1',675253.29,117),
(94,'78367086-4',477723.61,79),
(95,'03328469-X',914261.0,29),
(96,'18148969-8',75704.95,74),
(97,'38458414-0',997210.33,167),
(98,'11083399-X',608043.8,75),
(99,'17296623-8',906089.31,123),
(100,'98941651-1',229515.99,81),
(101,'97068648-6',4623.69,169),
(102,'35441886-6',740726.28,31),
(103,'85859713-0',380161.66,183),
(104,'90652106-2',718448.01,86),
(105,'00967212-8',98042.13,172),
(106,'40448476-0',212113.07,120),
(107,'43154994-0',709469.7,50),
(108,'08013451-6',341988.82,3),
(109,'52402012-0',621359.63,89),
(110,'66753367-X',272160.87,175),
(111,'67973762-8',822217.72,52),
(112,'17179231-2',995188.35,101),
(113,'01851655-9',3809.04,54),
(114,'17944159-8',404922.65,14),
(115,'59457170-5',31403.53,164),
(116,'98770257-X',931633.69,192),
(117,'28414613-X',993948.71,178),
(118,'65268497-5',168630.89,193),
(119,'91165047-2',731215.22,58),
(120,'91636301-0',923975.3,49),
(121,'33864020-9',150739.86,97),
(122,'07656782-6',181618.76,137),
(123,'22546866-0',578103.34,16),
(124,'76929551-8',904178.32,136),
(125,'67188490-1',398538.08,154),
(126,'40994676-1',985136.5,108),
(127,'16791224-3',484169.19,22),
(128,'56888585-2',814864.8,90),
(129,'30844266-9',128102.3,73),
(130,'77844399-3',354198.7,158),
(131,'58826363-3',784407.69,11),
(132,'40172069-2',343602.29,182),
(133,'17265161-6',80073.99,111),
(134,'91294249-8',516907.72,114),
(135,'29509810-X',17207.82,91),
(136,'01130346-6',924071.25,67),
(137,'88726331-0',912063.17,145),
(138,'77646605-X',512802.92,176),
(139,'49013625-8',302284.57,126),
(140,'08916343-8',778096.45,46),
(141,'59960030-6',626589.12,139),
(142,'76261278-X',191526.51,8),
(143,'37364651-9',496769.95,166),
(144,'83582269-1',8933.68,130),
(145,'44040412-X',58292.32,15),
(146,'75686448-9',901885.51,102),
(147,'41373271-7',299155.77,156),
(148,'38517484-8',689991.03,110),
(149,'62760006-7',78020.16,122),
(150,'62318284-3',625424.34,63),
(151,'72676828-4',370921.33,159),
(152,'90802017-X',83576.53,42),
(153,'86146453-7',30984.79,133),
(154,'53721483-8',749622.25,112),
(155,'67017884-2',790255.86,149),
(156,'16208461-4',193063.55,152),
(157,'73122561-1',430221.86,40),
(158,'02310144-0',772687.3,135),
(159,'61160522-0',213088.92,146),
(160,'90395070-8',370979.81,45),
(161,'24398318-X',252040.01,188),
(162,'76080629-7',548497.48,98),
(163,'66786670-2',943173.34,116),
(164,'77225048-8',385550.96,132),
(165,'53158170-8',147712.14,157),
(166,'94454633-8',384130.05,43),
(167,'81329887-8',864848.14,17),
(168,'02981122-3',634916.48,187),
(169,'19724551-3',509915.55,60),
(170,'54195310-1',3278.65,78),
(171,'40669316-5',814229.66,118),
(172,'42002867-7',386420.77,51),
(173,'66551370-6',639037.14,19),
(174,'78489690-5',449038.09,6),
(175,'82608751-2',326555.76,148),
(176,'18228769-X',726005.7,181),
(177,'03592973-9',313816.9,103),
(178,'72579447-X',495895.48,128),
(179,'77178211-8',935944.16,32),
(180,'58341548-3',652702.33,165),
(181,'76596770-7',286988.22,96),
(182,'88949317-3',520221.44,34),
(183,'65382776-8',490507.52,119),
(184,'44474065-X',622805.8,83),
(185,'84926866-X',495381.98,155),
(186,'73279927-2',139803.88,2),
(187,'75206152-4',603152.06,94),
(188,'12333162-1',783705.85,99),
(189,'99617594-6',307897.75,138),
(190,'57295699-7',243973.75,189),
(191,'57718545-4',912986.25,93),
(192,'17717633-2',906590.54,35),
(193,'41433057-0',425032.84,56),
(194,'07120278-2',716480.72,70),
(195,'49794309-X',774827.42,140),
(196,'20846831-8',449624.42,37),
(197,'59131287-9',145443.35,173),
(198,'43750745-5',157840.07,28),
(199,'41882185-X',886346.01,121),
(200,'03207765-5',892786.49,199),
(201,'B<<<<<<<1',886346.01,201);

INSERT INTO cards (id, card_number, card_status, bank_account_id)
VALUES
(1,'ZM20 P113 0097 VVVS','Active',124),
(2,'FI55 9231 1059 2200','Active',111),
(3,'FR91 9204 6212 15YH','Active',172),
(4,'SA40 68AI MDZK 4FUE','Deleted',108),
(5,'FR46 1241 6347 22SN','Active',200),
(6,'GR04 3850 4472 YUBY','Active',95),
(7,'RS76 9879 6068 514','Active',92),
(8,'MR86 8568 4381 172','Active',121),
(9,'FI33 1302 8714 7082','Active',172),
(10,'MT12 RVQT 4375 4JPY','Active',52),
(11,'GI82 BBZK 31VY OGM8','Active',121),
(12,'FR19 1681 3572 64JA','Active',133),
(13,'VG73 YOQD 2317 7757','Active',148),
(14,'CZ07 6826 5411 6463','Active',6),
(15,'FO64 9943 7391 7676','Active',55),
(16,'BH06 THTD LZHP MY8K','Active',27),
(17,'GT81 FWMO YZB0 2PWN','Active',149),
(18,'TN15 8394 6148 3672','Active',31),
(19,'FR46 7900 5892 88CV','Active',35),
(20,'EE44 4196 5820 2461','Active',93),
(21,'IE82 LBIC 4503 8951','Active',4),
(22,'AL48 3527 9504 TFKO','Active',128),
(23,'BG23 SOWY 2029 878O','Active',65),
(24,'FR15 8913 2948 56S4','Frozen',178),
(25,'LT35 8826 8094 7497','Active',128),
(26,'RO26 VHAC ZNU1 WLTE','Active',55),
(27,'LI92 1035 7YCZ D1QC','Active',195),
(28,'DK32 2290 2327 8746','Active',31),
(29,'MU79 UQKT 6962 6893','Active',142),
(30,'IT62 P540 4969 510N','Active',85),
(31,'GB75 BNYA 9499 1117','Active',26),
(32,'MC18 3931 4416 77TH','Active',39),
(33,'SA89 07NO 8ANJ IO7A','Active',31),
(34,'ES09 6371 9340 8534','Active',64),
(35,'GI46 WSSN KROG TYJR','Active',110),
(36,'GT21 JWUW A6QA UVM2','Active',138),
(37,'ME73 6590 5389 8213','Active',162),
(38,'IE18 IUFO 1108 5425','Active',45),
(39,'FR63 4248 3814 67OP','Active',93),
(40,'FR97 3935 3207 95UO','Active',93),
(41,'SA56 63TR WVW0 TRSP','Active',47),
(42,'ME22 7005 1769 9470','Frozen',63),
(43,'SI81 1014 964 1781','Deleted',15),
(44,'AZ65 SOTN 3GRA 0QMU','Active',74),
(45,'MK39 065C F9C8 JHPE','Active',136),
(46,'SE37 1155 242 6833','Active',136),
(47,'FR08 8225 7713 57GA','Frozen',32),
(48,'BE36 7029 5886 3942','Deleted',67),
(49,'CH66 2865 8YTR 0SQW','Active',115),
(50,'BH86 EUHG CZ96 QRH5','Deleted',187),
(51,'NO75 3052 1443 674','Active',41),
(52,'DK92 5900 7543 5985','Active',72),
(53,'FI75 1123 4305 8588','Active',5),
(54,'AD72 5736 2103 1PPG','Active',197),
(55,'FR57 62 822 34UM','Active',172),
(56,'VG68 QNCK 3382 141','Active',190),
(57,'CH83 4217 0AX5 KEDZ','Active',41),
(58,'LI48 5534 4D0A AIJY','Deleted',116),
(59,'DE98 9142 3273 7388','Active',160),
(60,'SE06 4782 1962 6176','Active',12),
(61,'SE95 7549 1963 5691','Frozen',40),
(62,'LI72 2610 3LKD JHDX','Active',123),
(63,'BA22 4511 1233 1715','Active',23),
(64,'IT31 K539 6544 786V','Active',100),
(65,'GT58 3WBR 8PJD TI5W','Active',56),
(66,'CR09 5768 4801 9349','Active',48),
(67,'AZ78 GBKP 7IWS 0AD6','Active',58),
(68,'RO28 HEHH C1U6 KUMK','Frozen',11),
(69,'CH19 2189 7QIO 5ZM0','Active',156),
(70,'AD40 3520 6783 DOJZ','Active',93),
(71,'SA75 40JG JEJI UHZ7','Active',141),
(72,'GT64 ULZX WQWT IS0G','Deleted',148),
(73,'HR17 3620 6010 8005','Deleted',197),
(74,'MD30 DLOO XC3B THPJ','Deleted',20),
(75,'FR83 6640 2701 17KM','Active',146),
(76,'IE97 UJTE 7406 5479','Active',73),
(77,'DO18 SWXK 8100 2692','Deleted',75),
(78,'FR65 3585 6489 37GO','Active',6),
(79,'FR09 1326 250 37WD','Active',57),
(80,'MU47 HKZM 277 8630','Active',160),
(81,'LT30 4946 2800 8573','Active',86),
(82,'LT42 9475 4080 6072','Active',82),
(83,'IS63 9247 8628 3699','Active',75),
(84,'MR58 1652 6071 3846','Active',3),
(85,'BA40 8421 3349 236','Deleted',77),
(86,'MR90 9143 7640 8176','Deleted',157),
(87,'AZ31 CCGT EGOO RFBS','Deleted',185),
(88,'SA80 12LK MXEF GQHD','Frozen',78),
(89,'BR44 2014 4144 3846','Frozen',4),
(90,'ES40 666 9444 3892','Active',19),
(91,'DO32 IED1 9876 5919','Active',94),
(92,'FR24 5667 8571 45OJ','Active',59),
(93,'PT14 4431 2922 3954','Active',193),
(94,'SA55 060Q K9EQ 6FZI','Frozen',4),
(95,'FR67 3631 2753 47CL','Active',97),
(96,'SE22 6659 8114 7525','Active',165),
(97,'FR74 5236 6233 3078','Active',174),
(98,'BA29 5580 4630 3831','Deleted',22),
(99,'AD80 3185 8477 59RM','Active',135),
(100,'AD11 2425 2132 UNZV','Deleted',15),
(101,'FR22 3970 7363 34VU','Active',93),
(102,'MR81 9532 7168 6528','Active',131),
(103,'LV97 JLYC RA1W WD75','Active',14),
(104,'KW58 KHBZ 8WVL WCRZ','Frozen',18),
(105,'FR33 8931 5439 10PI','Active',155),
(106,'LV76 SBRL 7WM3 ULZ2','Active',94),
(107,'BE03 260 6331 5038','Active',110),
(108,'FR25 6257 6298 688Q','Active',139),
(109,'MR69 2184 1051 3613','Active',67),
(110,'FR57 7620 2502 01TY','Active',29),
(111,'PK95 KTJW L9H0 F9TG','Active',19),
(112,'RO79 BGPY TQ3Z DDQW','Active',187),
(113,'SM91 W737 6475 535F','Active',103),
(114,'AT44 6795 1229 787','Frozen',191),
(115,'CR47 8644 4569 3159','Active',115),
(116,'DK38 7829 7335 7754','Active',130),
(117,'EE57 3651 2947 4509','Deleted',18),
(118,'PS66 FCCF BDEH XJI1','Active',85),
(119,'BR16 727 7857 3432','Active',9),
(120,'MT92 PGSK 7366 4ZFZ','Deleted',189),
(121,'AZ95 XBOA OSHJ WE2C','Active',124),
(122,'MK97 914W ZP2T 5UMA','Active',72),
(123,'MT97 IURS 4753 1DO7','Active',128),
(124,'SI53 15 6678 1595','Active',67),
(125,'SK57 528 9967 5699','Active',122),
(126,'RS51 3936 7135 3123','Active',68),
(127,'FR59 1899 2890 10UO','Active',184),
(128,'FO73 7726 4090 9124','Deleted',79),
(129,'TR74 6792 2ZQO I91W','Active',60),
(130,'MD45 GUZX JQTQ ZP3Q','Deleted',196),
(131,'GL33 3142 5171 2465','Frozen',181),
(132,'CH94 8014 56NR EK3V','Active',112),
(133,'RO44 KBAU YWSK FLAK','Deleted',91),
(134,'IL63 6350 8322 1318','Active',163),
(135,'CR70 2665 3091 1391','Active',41),
(136,'GI86 HICX 4UPU UJUW','Deleted',65),
(137,'SA91 06TM 3JPM DEHV','Frozen',100),
(138,'FI54 1239 5010 641','Active',137),
(139,'SE80 2139 791 128','Active',48),
(140,'MC91 3691 5855 46TE','Active',24),
(141,'FR80 167 9678 99QP','Active',182),
(142,'KW22 CVHM GHAK 9V0I','Frozen',13),
(143,'FR78 3039 1904 07JD','Active',73),
(144,'LV55 IKZD EYQC 03YP','Deleted',115),
(145,'MD51 NUJV DM2S CH9U','Active',142),
(146,'LV19 ZHPE SO9Q CKCU','Active',82),
(147,'FR63 3890 2748 82FN','Active',118),
(148,'IT18 H212 8109 131F','Active',192),
(149,'DO85 9H0W 2704 4407','Active',20),
(150,'HU03 6341 6301 8809','Active',7),
(151,'PL03 6026 6142 2202','Active',13),
(152,'TN26 2882 9155 7118','Active',70),
(153,'LB37 9953 UFVG MMRT','Active',8),
(154,'HR83 3285 6502 5862','Active',52),
(155,'LB68 7932 QG1K IUYR','Active',98),
(156,'PS62 FJUB 0UVL 5IBS','Deleted',200),
(157,'LI75 8112 7BJP DLIX','Active',72),
(158,'MD07 ABWA SQEO HMUJ','Active',14),
(159,'FO12 7618 4372 7768','Active',112),
(160,'TN67 129 4671 1730','Deleted',76),
(161,'MT95 NKVQ 8986 2RZZ','Frozen',102),
(162,'AT68 5125 2907 36','Active',148),
(163,'IS88 9702 2946 6373','Active',191),
(164,'PS69 KNTI I5Q8 4DPA','Active',186),
(165,'ME48 5912 2867 1451','Active',186),
(166,'AL23 1985 9497 MI1L','Active',185),
(167,'LI19 9474 8VFF VQZO','Active',7),
(168,'AZ41 FDAY IJSS QM0J','Active',17),
(169,'FR92 4034 54 28W8','Active',23),
(170,'FR55 6487 9624 075P','Active',50),
(171,'LV57 LCNU PNIY G11U','Active',32),
(172,'MD89 EUDH E6FB SUUF','Active',78),
(173,'GR43 5479 871S MFDD','Frozen',171),
(174,'LU06 857S JEHT OORI','Active',34),
(175,'LU36 86 8IG8 KZ0S','Active',186),
(176,'IS48 7399 3781 9435','Active',173),
(177,'FR51 7154 4432 768F','Active',91),
(178,'CR31 2172 7000 5807','Active',2),
(179,'HR54 6710 1029 4899','Active',61),
(180,'RO53 BOZA KLCB 0BOQ','Active',44),
(181,'DE33 1601 8228 5374','Deleted',177),
(182,'ES71 4041 3959 6004','Active',35),
(183,'BE31 5254 6609 7731','Active',170),
(184,'TR03 7943 5HP9 Y4GN','Active',170),
(185,'SI30 4716 9749 9475','Active',196),
(186,'BH12 HTIW UQYE O33V','Active',121),
(187,'RS70 9958 6681 2034','Frozen',47),
(188,'GT38 NTO8 T3SN A41T','Deleted',70),
(189,'ME87 7634 4212 1216','Deleted',130),
(190,'PS07 NFLF CW39 GZGH','Active',92),
(191,'FR68 5935 3524 58JX','Active',114),
(192,'ES87 7595 2303 1671','Active',78),
(193,'GL16 7814 9283 9875','Frozen',53),
(194,'FR14 8472 842 42R1','Active',170),
(195,'BG40 LEVB 9446 81NI','Frozen',130),
(196,'FR86 9547 1351 743H','Active',165),
(197,'IT95 V812 2778 109E','Active',35),
(198,'CZ38 2740 9271 8325','Deleted',91),
(199,'GI04 BNPH CBHY BS5P','Active',194),
(200,'BG97 GKOF 7373 74LR','Active',28),
(201,'EE60 1702 1000 7564','Active',84),
(202,'CR40 7715 381 4991','Active',132),
(203,'GT48 M5VX 2AEW 8EYA','Active',109),
(204,'RS18 9232 815 1774','Active',45),
(205,'FR24 6157 8022 28ZX','Active',175),
(206,'PK20 GHTE UQRI WI0P','Active',4),
(207,'FR40 3641 493 26M1','Active',108),
(208,'IT52 X864 9435 909S','Deleted',97),
(209,'EE81 6382 5431 3644','Active',91),
(210,'GT37 YNJY PHQ4 SKZO','Active',128),
(211,'NO62 7563 6272 724','Active',176),
(212,'LI67 3066 2J9Z V2HY','Active',164),
(213,'RS74 9961 8002 9616','Active',194),
(214,'SK41 7759 5391 8436','Active',85),
(215,'TR49 1319 8OIG CLUF','Active',184),
(216,'PK86 NJCY 8GG8 CGBQ','Deleted',137),
(217,'DE82 4963 3912 4270','Active',69),
(218,'LT51 9529 7009 2541','Active',109),
(219,'AD31 2139 4090 NXJ6','Frozen',163),
(220,'VG54 EZQV 9296 815','Frozen',154),
(221,'MU93 CJFN 7239 4023','Active',185),
(222,'FO93 1363 9845 4431','Active',98),
(223,'DK75 6710 157 8298','Active',200),
(224,'EE62 913 9242 3057','Active',25),
(225,'IE64 BIGB 2507 5758','Deleted',98),
(226,'PS35 BWFJ G4GF UNVA','Active',196),
(227,'AE69 1761 856 9339','Active',174),
(228,'GB27 JXQL 4128 445','Active',84),
(229,'GL23 6192 5288 2469','Active',122),
(230,'CH37 2305 93NR SK52','Active',137),
(231,'DK96 8097 5384 6052','Active',42),
(232,'SE21 7990 870 3432','Active',32),
(233,'GB10 WXUW 6439 1627','Deleted',120),
(234,'CH04 1427 4OG4 KILL','Active',69),
(235,'FR04 9926 1762 43WL','Active',143),
(236,'TN52 9301 4538 393','Active',46),
(237,'FR95 2275 6402 929M','Active',15),
(238,'LV29 RYFV A8WB JLGP','Active',8),
(239,'MT06 XEYS 6507 6X4Z','Active',64),
(240,'KW42 TWXG OZ4L UUNX','Active',19),
(241,'FR76 4771 3380 70PO','Active',28),
(242,'MU68 SNCL 9758 8903','Active',31),
(243,'BG02 GBPI 1008 04T0','Deleted',63),
(244,'SA08 146Y 6RDJ LA1S','Active',28),
(245,'KW60 BMBM 9TJF D45L','Active',112),
(246,'ME17 8669 7971 8403','Active',114),
(247,'AL40 4641 1260 3A8S','Active',190),
(248,'LU87 815Q HWFG GFKK','Active',198),
(249,'IL63 6769 4037 2438','Frozen',34),
(250,'ES33 9285 484 6167','Active',146),
(251,'FR19 1051 7775 49TA','Active',121),
(252,'CR46 1519 1526 474','Active',193),
(253,'CY96 3650 7665 WH6M','Deleted',171),
(254,'CH72 8424 4SCH FUYF','Active',46),
(255,'BR97 2168 5376 3278','Deleted',5),
(256,'CH19 6414 5MJM TOQO','Frozen',140),
(257,'CH34 9390 54XE XXYD','Active',89),
(258,'SA87 178S QCE9 I7G2','Active',103),
(259,'GL91 1309 9009 1280','Active',175),
(260,'LV74 VZSP XPVI 7NJO','Active',31),
(261,'LT88 1961 7949 2321','Active',168),
(262,'IL09 7915 8435 314','Active',144),
(263,'GR17 8023 665P WBWA','Active',169),
(264,'SA81 09TT S7RZ PG8W','Active',195),
(265,'FR60 4692 5125 52P0','Active',156),
(266,'ES29 3270 2757 7004','Deleted',118),
(267,'FR77 3819 8110 42T2','Active',92),
(268,'FR56 4460 1550 80EB','Active',10),
(269,'KW88 DJLR PJKI DT0H','Active',121),
(270,'CH47 9520 0F4E KJOX','Active',140),
(271,'AD09 2476 6289 MCFQ','Active',159),
(272,'BG34 AATJ 9617 79VP','Active',197),
(273,'MD69 J3LT ZNUG XISS','Active',125),
(274,'RO69 PMCT YDG6 0PPO','Active',100),
(275,'MD63 IRBI UB6O 5UVR','Active',55),
(276,'IL18 6933 2619 3539','Active',13),
(277,'AE09 4259 9948 1346','Active',83),
(278,'TN65 9496 3817 9657','Active',39),
(279,'BH79 HMNB 8GBT ZDMH','Frozen',40),
(280,'CH81 5080 92WZ FMQM','Active',173),
(281,'FR19 4811 8672 81LF','Frozen',14),
(282,'HU17 5863 2529 2113','Active',20),
(283,'FR58 3045 5976 43HP','Active',200),
(284,'CH47 3201 4WFV GA6H','Active',12),
(285,'GR47 537 778M HWFV','Active',184),
(286,'AL06 3989 4885 T5HW','Active',83),
(287,'TR60 4565 4QY9 22G8','Active',49),
(288,'BR11 6748 924 1061','Active',186),
(289,'MU82 WBTC 3723 6690','Active',131),
(290,'TN16 2603 4548 4925','Active',186),
(291,'BE89 3997 4189 6027','Deleted',18),
(292,'FR54 3147 1285 1858','Active',51),
(293,'FR18 8589 5494 62H1','Active',34),
(294,'FR76 7506 3062 32FG','Active',101),
(295,'DK59 5703 4970 3024','Active',44),
(296,'ES89 8119 1955 4366','Frozen',32),
(297,'CH56 4445 1BAA FJWZ','Active',181),
(298,'KZ85 564S 3CZK IXEO','Active',9),
(299,'FR72 257 5718 739I','Active',53),
(300,'GL78 8772 6970 7945','Active',48),
(301,'SM86 V649 8625 241O','Active',88),
(302,'CZ24 3203 4100 1394','Deleted',127),
(303,'LU45 8723 HGX8 FZRM','Active',100),
(304,'AZ52 OABK DODG 5HXP','Active',198),
(305,'VG64 FEBQ 902 9125','Deleted',4),
(306,'CZ87 3772 4370 1805','Active',136),
(307,'FO63 8333 6176 6088','Active',28),
(308,'MR44 7236 200 2640','Active',169),
(309,'CZ46 3592 1711 7749','Active',34),
(310,'FR80 7313 4703 83R7','Active',42),
(311,'SA56 406B 0TL3 MHMJ','Active',96),
(312,'DO65 MONS 5135 7010','Active',129),
(313,'DO42 2VMN 5805 7176','Active',45),
(314,'FR09 9230 3302 13QP','Active',21),
(315,'CH59 1883 93K5 KEFN','Active',5),
(316,'FR41 8230 6140 22U2','Frozen',114),
(317,'NL50 WTWU 3923 1855','Active',38),
(318,'FI87 1431 7740 4195','Active',34),
(319,'RS47 2891 5129 7470','Active',67),
(320,'FR15 8027 8007 69RT','Active',107),
(321,'LV03 YHSZ PRFX N1WL','Deleted',45),
(322,'TN87 569 4492 9388','Active',100),
(323,'KW24 RLRG LR10 6SZ1','Active',119),
(324,'VG24 HVUQ 7914 6626','Active',95),
(325,'HR39 3858 3820 4823','Active',67),
(326,'RS64 1000 3412 326','Frozen',149),
(327,'GI24 BAQK UD2F KJF4','Active',148),
(328,'FR65 5068 6353 84AJ','Active',3),
(329,'FR45 6836 4862 77KJ','Active',88),
(330,'CZ72 3715 3294 375','Active',35),
(331,'BE64 6448 171 8135','Active',87),
(332,'VG46 IGFN 7532 2018','Active',74),
(333,'EE23 5029 8423 9868','Active',79),
(334,'NO07 1565 7351 623','Active',5),
(335,'BA37 8308 7242 7773','Active',19),
(336,'LU44 823E 3TUI YNEU','Active',84),
(337,'TR48 9566 1MMR DWWH','Active',167),
(338,'FR61 3263 9908 28CC','Active',163),
(339,'RS70 4356 5501 6499','Active',49),
(340,'TR94 2644 0SRE CGRG','Frozen',33),
(341,'GI07 YJUH FT8C YO0X','Active',55),
(342,'SM70 W624 3990 523Q','Deleted',19),
(343,'FR55 6680 3350 57EB','Active',29),
(344,'CH05 8386 7OX5 HLYZ','Deleted',98),
(345,'FI31 8524 3977 1883','Active',198),
(346,'CY58 3527 5721 G9Q6','Active',40),
(347,'SK18 609 2621 6217','Deleted',79),
(348,'FR76 2315 9144 51IW','Active',36),
(349,'GI90 DAFT OYQ3 BIS4','Frozen',24),
(350,'DO14 SO8A 9840 5514','Active',28),
(351,'HU22 297 6386 3439','Active',73),
(352,'PT58 5893 6385 504','Active',61),
(353,'GL34 4620 1446 5802','Active',42),
(354,'FI30 5610 5226 5169','Active',145),
(355,'BA90 7826 4207 3474','Frozen',163),
(356,'CY31 7593 413 QPAS','Active',73),
(357,'GB83 ULIU 3475 2171','Deleted',84),
(358,'SM68 W930 1660 941K','Active',101),
(359,'MC94 6727 9852 22EP','Active',117),
(360,'LV93 FZLT HWAR BVHE','Active',46),
(361,'FR69 867 3285 14AS','Active',22),
(362,'VG82 ZZUR 2619 5280','Active',139),
(363,'KZ04 188I VJWB LJPK','Active',27),
(364,'EE54 6128 3100 8171','Frozen',168),
(365,'AD81 862 3003 PVHA','Active',28),
(366,'MD40 BVPS YJGF LQW4','Deleted',76),
(367,'GB12 EHKQ 290 4077','Active',109),
(368,'GR52 6225 456R TSFK','Active',164),
(369,'BE34 7168 4833 2875','Active',62),
(370,'AD75 4576 9367 J9XO','Active',163),
(371,'GR35 9855 493W 1JW9','Active',193),
(372,'GR62 4040 755U JKLN','Active',48),
(373,'AD75 4163 1146 FBEG','Frozen',145),
(374,'MD73 ONKA UVBS X68H','Active',69),
(375,'KZ56 905H VPBI CFRQ','Active',182),
(376,'BA17 2344 7107 6884','Frozen',170),
(377,'GE89 IM46 2924 99','Deleted',33),
(378,'PT36 1326 987 4833','Active',185),
(379,'FR31 6932 5818 856K','Frozen',38),
(380,'EE62 1654 1562 8820','Active',176),
(381,'FR19 1406 7568 48GT','Active',139),
(382,'CH94 1624 7BUQ 9FOW','Deleted',151),
(383,'FR43 4433 4127 95CS','Active',103),
(384,'GE28 OT41 2816 5682','Active',190),
(385,'RS79 3578 7184 6389','Active',34),
(386,'ES55 3819 810 4084','Active',66),
(387,'NL62 YOBW 152 9618','Active',168),
(388,'LT56 7116 6824 4763','Frozen',118),
(389,'FR92 9998 4059 79AY','Deleted',87),
(390,'KZ22 2254 UQUW 38LD','Active',56),
(391,'HU03 9083 2628 9515','Active',156),
(392,'MC26 9522 3973 68H9','Active',87),
(393,'DK83 6530 8035 1129','Active',126),
(394,'FR15 4161 6477 55JG','Active',150),
(395,'DE96 3433 5721 8247','Active',61),
(396,'FR66 5086 2854 98OI','Active',132),
(397,'DE03 4667 9564 7604','Deleted',115),
(398,'FR33 2215 489 63JB','Active',10),
(399,'LV64 MCXU 9SHD 2NX8','Active',63),
(400,'KZ60 353C I7CS KWKO','Active',40),
(401,'FR74 4339 3464 54Y5','Active',74),
(402,'NL21 BQHJ 9486 3919','Frozen',168),
(403,'RO29 PVWL ZYGZ MZ8E','Active',82),
(404,'LV78 DZLZ 4EQ1 WVKH','Active',4),
(405,'TN38 2515 8596 3396','Active',134),
(406,'BA24 3607 15 7003','Active',193),
(407,'CZ63 8056 621 9760','Active',160),
(408,'PT11 6258 4039 8049','Active',112),
(409,'PS59 OMAS UMK5 PPED','Active',152),
(410,'DE21 5662 9645 5275','Active',52),
(411,'FR85 6777 9208 17GW','Frozen',3),
(412,'FI81 9203 5833 1768','Active',86),
(413,'DE17 7440 9946 9790','Frozen',199),
(414,'SA97 52PO AKQU D8A5','Active',122),
(415,'LU78 410Y XPTS AKD6','Active',141),
(416,'SM93 K932 8933 062P','Active',187),
(417,'GI75 DWXL HLII Q5Y1','Active',36),
(418,'FO07 2722 5037 2325','Active',51),
(419,'FR61 1366 7108 48VI','Active',128),
(420,'DO16 PRFT 1203 9627','Active',52),
(421,'GR91 716 659K CLZM','Frozen',16),
(422,'SE73 3208 7859 8625','Active',54),
(423,'FR44 8635 8348 238Y','Active',75),
(424,'KZ69 306U DAMP BELG','Active',2),
(425,'SA57 573D RTA3 PURL','Active',79),
(426,'SA13 42LL TMQC XUAW','Active',200),
(427,'GL97 972 3116 7164','Active',138),
(428,'TN06 8404 3764 5395','Active',169),
(429,'LT44 6621 848 6423','Frozen',137),
(430,'SM54 I692 5055 206B','Active',29),
(431,'EE72 3400 5595 4004','Active',109),
(432,'FR49 2094 8557 54KW','Active',189),
(433,'KW77 IPJU IRVO 3XW1','Frozen',95),
(434,'PL87 568 4693 8235','Active',174),
(435,'AE57 1633 4411 8248','Active',7),
(436,'GL21 6536 3249 505','Active',108),
(437,'IL12 3978 4475 6558','Frozen',103),
(438,'RS94 3180 9937 1472','Active',76),
(439,'FR16 8275 4193 53UX','Active',23),
(440,'FI64 2027 4398 7721','Active',182),
(441,'IT93 J570 6998 323R','Active',30),
(442,'MR97 3626 5215 9829','Active',76),
(443,'GT57 SZWX FXRL 9BLL','Active',24),
(444,'PS70 GDHZ OURN OREC','Active',139),
(445,'PS69 TZFL TYJ2 Y7SV','Active',105),
(446,'MT88 KVZZ 8944 3A8C','Active',179),
(447,'KW11 WDNR O4PQ XRM7','Active',39),
(448,'FR57 6626 8372 32DW','Deleted',77),
(449,'SE22 6871 2915 7067','Active',89),
(450,'FR87 9603 2466 80WA','Active',27),
(451,'GT11 2SBZ GAPJ FKLS','Active',153),
(452,'DK16 6175 8238 1680','Active',147),
(453,'FR36 5939 957 61XH','Active',141),
(454,'LT75 5755 5889 687','Active',11),
(455,'RO46 YDSJ DQX7 BTBO','Active',136),
(456,'BG07 ZWWU 2994 57PY','Active',143),
(457,'IT36 H062 2683 270E','Active',142),
(458,'NO98 2119 8446 273','Deleted',186),
(459,'PT55 1087 1230 9216','Deleted',137),
(460,'FR75 6740 2560 33XQ','Active',102),
(461,'GB29 BLUB 9267 7042','Active',59),
(462,'ME42 63 8360 3371','Deleted',77),
(463,'GI21 SMFV SHFH GB8H','Active',192),
(464,'BH67 GMNC MT7U WBHY','Active',182),
(465,'LU56 6301 K5P7 K2PX','Deleted',45),
(466,'GT19 NZIM ESIT QYTS','Active',119),
(467,'AT77 1245 1481 1133','Active',87),
(468,'MU72 JFCX 5045 1045','Active',125),
(469,'KZ06 294N Z183 GG2D','Active',65),
(470,'BA73 4688 7496 3339','Active',8),
(471,'CZ47 2435 1684 2613','Frozen',130),
(472,'FR40 9640 4431 63OT','Active',148),
(473,'LB70 2033 KA3E GYHH','Deleted',199),
(474,'FR41 421 2475 479C','Active',109),
(475,'PT12 7754 2558 7539','Deleted',16),
(476,'DO55 I8RL 7834 3403','Active',134),
(477,'FR18 953 3477 28EL','Frozen',12),
(478,'IS82 9064 3539 9371','Deleted',193),
(479,'FO37 1269 8848 7916','Frozen',81),
(480,'LT42 9628 9173 7222','Active',127),
(481,'GE84 EQ25 2433 3309','Active',16),
(482,'LT41 6193 6102 5728','Deleted',115),
(483,'GT73 ZAGV 41MG BKON','Active',171),
(484,'GB23 SIRB 8124 4025','Active',198),
(485,'LU07 554T WJ81 3O1I','Active',175),
(486,'VG26 YICI 8622 8338','Active',141),
(487,'FR39 9144 6409 18ZR','Active',117),
(488,'HR08 1729 3455 4844','Deleted',73),
(489,'VG89 PQEW 444 5015','Active',73),
(490,'AL25 2184 9160 C1IW','Deleted',192),
(491,'PL78 5230 7565 8259','Active',55),
(492,'GR40 7157 999I B852','Active',97),
(493,'SE63 4399 3093 2069','Active',173),
(494,'IS08 2711 9310 9688','Active',162),
(495,'MC35 1083 8387 26I9','Deleted',79),
(496,'BA69 9623 7883 8419','Active',46),
(497,'FR91 4580 8612 9400','Active',69),
(498,'LI56 5660 20M9 YEKS','Active',37),
(499,'FR40 7977 8159 15WS','Active',127),
(500,'SM80 M775 4918 653X','Active',40);